,alpha,lambda,model_ids,rmse
1,0,0.005,ridge_model_383,29863.36449
2,0,0.006,ridge_model_384,29863.78939
3,0,0.007,ridge_model_385,29866.04513
4,0,0.008,ridge_model_386,29869.50819
5,0,0.009,ridge_model_387,29873.76359
6,0,0.01,ridge_model_388,29878.53221
7,0,0.011,ridge_model_389,29883.62499
8,0,0.012,ridge_model_390,29888.91338
9,0,0.013,ridge_model_391,29894.31
10,0,0.014,ridge_model_392,29899.7558
11,0,0.015,ridge_model_393,29905.21127
12,0,0.016,ridge_model_394,29910.65053
13,0,0.017,ridge_model_395,29916.05717
14,0,0.018,ridge_model_396,29921.42145
15,0,0.019,ridge_model_397,29926.73819
16,0,0.02,ridge_model_398,29932.00541
17,0,0.021,ridge_model_399,29937.2233
18,0,0.022,ridge_model_400,29942.39349
19,0,0.023,ridge_model_401,29947.51857
20,0,0.024,ridge_model_402,29952.60169
21,0,0.025,ridge_model_403,29957.6463
22,0,0.026,ridge_model_404,29962.656
23,0,0.01,ridge_model_19,29965.53586
24,0,0.027,ridge_model_405,29967.63441
25,0,0.028,ridge_model_406,29972.58505
26,0,0.029,ridge_model_407,29977.51131
27,0,0.03,ridge_model_408,29982.41642
28,0,0.031,ridge_model_409,29987.30341
29,0,0.015,ridge_model_20,29989.67317
30,0,0.032,ridge_model_410,29992.17509
31,0,0.033,ridge_model_411,29997.0341
32,0,0.034,ridge_model_412,30001.88283
33,0,0.035,ridge_model_413,30006.72351
34,0,0.02,ridge_model_21,30011.24473
35,0,0.036,ridge_model_414,30011.55815
36,0,0.037,ridge_model_415,30016.3886
37,0,0.038,ridge_model_416,30021.21653
38,0,0.039,ridge_model_417,30026.04345
39,0,0.04,ridge_model_418,30030.87073
40,0,0.025,ridge_model_22,30030.87103
41,0,0.041,ridge_model_419,30035.69958
42,0,0.042,ridge_model_420,30040.5311
43,0,0.043,ridge_model_421,30045.36627
44,0,0.025,ridge_model_60,30048.84496
45,0,0.03,ridge_model_23,30049.5288
46,0,0.044,ridge_model_422,30050.20596
47,0,0.02,ridge_model_59,30050.54338
48,0,0.03,ridge_model_61,30051.4911
49,0,0.045,ridge_model_423,30055.05095
50,0,0.035,ridge_model_62,30057.41605
51,0,0.015,ridge_model_58,30058.83582
52,0,0.046,ridge_model_424,30059.90189
53,0,0.047,ridge_model_425,30064.7594
54,0,0.04,ridge_model_63,30065.98878
55,0,0.035,ridge_model_24,30067.89077
56,0,0.048,ridge_model_426,30069.62399
57,0,0.049,ridge_model_427,30074.49611
58,0,0.045,ridge_model_64,30076.77235
59,0,0.05,ridge_model_428,30079.37614
60,0,0.01,ridge_model_57,30079.92659
61,0,0.051,ridge_model_429,30084.26441
62,0,0.04,ridge_model_25,30086.35602
63,0,0.028,ridge_model_902,30087.45338
64,0,0.029,ridge_model_903,30087.50687
65,0,0.027,ridge_model_901,30087.57459
66,0,0.03,ridge_model_904,30087.72511
67,0,0.026,ridge_model_900,30087.88168
68,0,0.031,ridge_model_905,30088.09914
69,0,0.025,ridge_model_899,30088.38719
70,0,0.032,ridge_model_906,30088.62088
71,0,0.024,ridge_model_898,30089.10541
72,0,0.052,ridge_model_430,30089.16118
73,0,0.033,ridge_model_907,30089.28298
74,0,0.05,ridge_model_65,30089.43417
75,0,0.023,ridge_model_897,30090.05263
76,0,0.034,ridge_model_908,30090.07875
77,0,0.035,ridge_model_909,30091.00202
78,0,0.022,ridge_model_896,30091.24762
79,0,0.036,ridge_model_910,30092.04714
80,0,0.021,ridge_model_895,30092.71215
81,0,0.037,ridge_model_911,30093.20886
82,0,0.053,ridge_model_431,30094.06669
83,0,0.02,ridge_model_894,30094.4717
84,0,0.038,ridge_model_912,30094.48234
85,0,0.039,ridge_model_913,30095.86305
86,0,0.019,ridge_model_893,30096.55629
87,0,0.04,ridge_model_914,30097.34675
88,0,0.041,ridge_model_915,30098.92949
89,0,0.054,ridge_model_432,30098.98112
90,0,0.018,ridge_model_892,30099.0017
91,0,0.042,ridge_model_916,30100.60754
92,0,0.017,ridge_model_891,30101.85087
93,0,0.043,ridge_model_917,30102.37742
94,0,0.055,ridge_model_66,30103.70733
95,0,0.055,ridge_model_433,30103.9046
96,0,0.044,ridge_model_918,30104.23579
97,0,0.045,ridge_model_26,30105.14322
98,0,0.016,ridge_model_890,30105.15587
99,0,0.045,ridge_model_919,30106.17956
100,0,0.046,ridge_model_920,30108.20574
101,0,0.056,ridge_model_434,30108.83724
102,0,0.015,ridge_model_889,30108.98046
103,0,0.047,ridge_model_921,30110.31152
104,0,0.048,ridge_model_922,30112.49425
105,0,0.014,ridge_model_888,30113.40352
106,0,0.057,ridge_model_435,30113.77912
107,0,0.049,ridge_model_923,30114.75136
108,0,0.05,ridge_model_924,30117.08043
109,0,0.013,ridge_model_887,30118.52371
110,0,0.058,ridge_model_436,30118.73028
111,0,0.06,ridge_model_67,30119.37121
112,0,0.051,ridge_model_925,30119.47915
113,0,0.052,ridge_model_926,30121.94531
114,0,0.059,ridge_model_437,30123.69073
115,0,0.05,ridge_model_27,30124.36085
116,0,0.012,ridge_model_886,30124.46576
117,0,0.053,ridge_model_927,30124.47677
118,0,0.054,ridge_model_928,30127.07153
119,0,0.06,ridge_model_438,30128.66047
120,0,0.055,ridge_model_929,30129.72762
121,0,0.011,ridge_model_885,30131.38934
122,0,0.056,ridge_model_930,30132.44318
123,0,0.061,ridge_model_439,30133.63947
124,0,0.057,ridge_model_931,30135.21643
125,0,0.065,ridge_model_68,30136.24034
126,0,0.058,ridge_model_932,30138.04563
127,0,0.062,ridge_model_440,30138.62768
128,0,0.01,ridge_model_884,30139.50131
129,0,0.059,ridge_model_933,30140.92914
130,0,0.063,ridge_model_441,30143.62503
131,0,0.06,ridge_model_934,30143.86536
132,0,0.055,ridge_model_28,30144.05199
133,0,0.061,ridge_model_935,30146.85275
134,0,0.064,ridge_model_442,30148.63145
135,0,0.009,ridge_model_883,30149.07343
136,0,0.062,ridge_model_936,30149.88984
137,0,0.063,ridge_model_937,30152.9752
138,0,0.065,ridge_model_443,30153.64684
139,0,0.07,ridge_model_69,30154.15708
140,0,0.064,ridge_model_938,30156.10745
141,0,0.066,ridge_model_444,30158.67109
142,0,0.065,ridge_model_939,30159.28527
143,0,0.008,ridge_model_882,30160.46777
144,0,0.066,ridge_model_940,30162.50738
145,0,0.005,ridge_model_479,30162.89192
146,0,0.067,ridge_model_445,30163.70408
147,0,0.06,ridge_model_29,30164.22173
148,0,0.067,ridge_model_941,30165.77254
149,0,0.068,ridge_model_446,30168.74569
150,0,0.068,ridge_model_942,30169.07955
151,0,0.006,ridge_model_480,30169.3193
152,0,0.069,ridge_model_943,30172.42727
153,0,0.075,ridge_model_70,30172.98649
154,0,0.069,ridge_model_447,30173.79578
155,0,0.007,ridge_model_881,30174.17443
156,0,0.07,ridge_model_944,30175.81456
157,0,0.007,ridge_model_481,30176.70391
158,0,0.07,ridge_model_448,30178.85421
159,0,0.071,ridge_model_945,30179.24036
160,0,0.072,ridge_model_946,30182.70361
161,0,0.071,ridge_model_449,30183.92082
162,0,0.008,ridge_model_482,30184.55674
163,0,0.065,ridge_model_30,30184.85374
164,0,0.073,ridge_model_947,30186.2033
165,0,0.072,ridge_model_450,30188.99547
166,0,0.074,ridge_model_948,30189.73845
167,0,0.006,ridge_model_880,30190.86825
168,0,0.009,ridge_model_483,30192.58055
169,0,0.08,ridge_model_71,30192.6124
170,0,0.075,ridge_model_949,30193.30812
171,0,0.073,ridge_model_451,30194.07798
172,0,0.076,ridge_model_950,30196.91137
173,0,0.074,ridge_model_452,30199.1682
174,0,0.077,ridge_model_951,30200.54732
175,0,0.01,ridge_model_484,30200.59578
176,0,0.078,ridge_model_952,30204.21511
177,0,0.075,ridge_model_453,30204.26596
178,0,0.07,ridge_model_31,30205.92019
179,0,0.079,ridge_model_953,30207.91389
180,0,0.011,ridge_model_485,30208.4962
181,0,0.076,ridge_model_454,30209.37108
182,0,0.005,ridge_model_879,30211.49631
183,0,0.08,ridge_model_954,30211.64285
184,0,0.085,ridge_model_72,30212.93436
185,0,0.077,ridge_model_455,30214.4834
186,0,0.081,ridge_model_955,30215.4012
187,0,0.012,ridge_model_486,30216.2218
188,0,0.082,ridge_model_956,30219.18818
189,0,0.078,ridge_model_456,30219.60274
190,0,0.083,ridge_model_957,30223.00304
191,0,0.013,ridge_model_487,30223.74179
192,0,0.079,ridge_model_457,30224.72892
193,0,0.084,ridge_model_958,30226.84506
194,0,0.075,ridge_model_32,30227.38773
195,0,0.016,ridge_model_106,30229.00107
196,0,0.017,ridge_model_107,30229.00475
197,0,0.018,ridge_model_108,30229.14686
198,0,0.015,ridge_model_105,30229.1712
199,0,0.019,ridge_model_109,30229.40208
200,0,0.014,ridge_model_104,30229.56457
201,0,0.02,ridge_model_110,30229.7523
202,0,0.08,ridge_model_458,30229.86177
203,0,0.021,ridge_model_111,30230.18461
204,0,0.013,ridge_model_103,30230.25048
205,0,0.022,ridge_model_112,30230.68983
206,0,0.085,ridge_model_959,30230.71354
207,0,0.014,ridge_model_488,30231.04385
208,0,0.023,ridge_model_113,30231.26152
209,0,0.012,ridge_model_102,30231.32651
210,0,0.024,ridge_model_114,30231.89521
211,0,0.025,ridge_model_115,30232.58782
212,0,0.011,ridge_model_101,30232.93098
213,0,0.026,ridge_model_116,30233.33728
214,0,0.09,ridge_model_73,30233.86517
215,0,0.027,ridge_model_117,30234.14224
216,0,0.086,ridge_model_960,30234.6078
217,0,0.081,ridge_model_459,30235.00111
218,0,0.028,ridge_model_118,30235.00186
219,0,0.01,ridge_model_100,30235.26166
220,0,0.029,ridge_model_119,30235.91563
221,0,0.03,ridge_model_120,30236.88326
222,0,0.004,ridge_model_878,30237.41618
223,0,0.031,ridge_model_121,30237.9046
224,0,0.015,ridge_model_489,30238.12724
225,0,0.087,ridge_model_961,30238.52717
226,0,0.009,ridge_model_99,30238.60445
227,0,0.032,ridge_model_122,30238.97959
228,0,0.033,ridge_model_123,30240.10818
229,0,0.082,ridge_model_460,30240.14677
230,0,0.034,ridge_model_124,30241.29036
231,0,0.088,ridge_model_962,30242.47102
232,0,0.035,ridge_model_125,30242.52606
233,0,0.008,ridge_model_98,30243.37839
234,0,0.036,ridge_model_126,30243.81521
235,0,0.016,ridge_model_490,30244.99832
236,0,0.037,ridge_model_127,30245.15768
237,0,0.083,ridge_model_461,30245.29856
238,0,0.089,ridge_model_963,30246.43872
239,0,0.038,ridge_model_128,30246.55331
240,0,0.039,ridge_model_129,30248.00188
241,0,0.08,ridge_model_33,30249.2211
242,0,0.04,ridge_model_130,30249.50312
243,0,0.007,ridge_model_97,30250.2082
244,0,0.09,ridge_model_964,30250.42966
245,0,0.084,ridge_model_462,30250.45631
246,0,0.041,ridge_model_131,30251.05671
247,0,0.017,ridge_model_491,30251.6676
248,0,0.042,ridge_model_132,30252.6623
249,0,0.043,ridge_model_133,30254.31948
250,0,0.091,ridge_model_965,30254.44325
251,0,0.095,ridge_model_74,30255.32887
252,0,0.085,ridge_model_463,30255.61984
253,0,0.044,ridge_model_134,30256.0278
254,0,0.045,ridge_model_135,30257.78679
255,0,0.018,ridge_model_492,30258.14789
256,0,0.092,ridge_model_966,30258.47892
257,0,0.046,ridge_model_136,30259.59593
258,0,0.006,ridge_model_96,30260.04518
259,0,0.086,ridge_model_464,30260.78899
260,0,0.047,ridge_model_137,30261.45468
261,0,0.093,ridge_model_967,30262.5361
262,0,0.048,ridge_model_138,30263.36246
263,0,0.019,ridge_model_493,30264.45301
264,0,0.049,ridge_model_139,30265.31868
265,0,0.087,ridge_model_465,30265.96357
266,0,0.094,ridge_model_968,30266.61427
267,0,0.05,ridge_model_140,30267.32273
268,0,0.051,ridge_model_141,30269.37397
269,0,0.02,ridge_model_494,30270.59705
270,0,0.003,ridge_model_877,30270.62132
271,0,0.095,ridge_model_969,30270.71287
272,0,0.088,ridge_model_466,30271.14341
273,0,0.085,ridge_model_34,30271.38515
274,0,0.052,ridge_model_142,30271.47175
275,0,0.053,ridge_model_143,30273.61542
276,0,0.005,ridge_model_95,30274.3767
277,0,0.096,ridge_model_970,30274.83142
278,0,0.054,ridge_model_144,30275.80431
279,0,0.089,ridge_model_467,30276.32834
280,0,0.021,ridge_model_495,30276.59384
281,0,0.1,ridge_model_75,30277.2591
282,0,0.055,ridge_model_145,30278.03773
283,0,0.097,ridge_model_971,30278.96939
284,0,0.056,ridge_model_146,30280.315
285,0,0.09,ridge_model_468,30281.5182
286,0,0.022,ridge_model_496,30282.45664
287,0,0.057,ridge_model_147,30282.63545
288,0,0.098,ridge_model_972,30283.12631
289,0,0.058,ridge_model_148,30284.99836
290,0,0.091,ridge_model_469,30286.71281
291,0,0.099,ridge_model_973,30287.3017
292,0,0.059,ridge_model_149,30287.40306
293,0,0.023,ridge_model_497,30288.198
294,0,0.06,ridge_model_150,30289.84886
295,0,0.1,ridge_model_974,30291.4951
296,0,0.092,ridge_model_470,30291.91202
297,0,0.061,ridge_model_151,30292.33505
298,0,0.005,ridge_model_287,30293.58151
299,0,0.024,ridge_model_498,30293.82961
300,0,0.09,ridge_model_35,30293.84607
301,0,0.062,ridge_model_152,30294.86096
302,0,0.006,ridge_model_288,30296.19106
303,0,0.093,ridge_model_471,30297.11564
304,0,0.063,ridge_model_153,30297.4259
305,0,0.025,ridge_model_499,30299.36232
306,0,0.007,ridge_model_289,30299.52065
307,0,0.064,ridge_model_154,30300.02919
308,0,0.094,ridge_model_472,30302.32354
309,0,0.065,ridge_model_155,30302.67015
310,0,0.008,ridge_model_290,30303.28171
311,0,0.026,ridge_model_500,30304.80612
312,0,0.066,ridge_model_156,30305.34812
313,0,0.009,ridge_model_291,30307.29085
314,0,0.095,ridge_model_473,30307.53553
315,0,0.067,ridge_model_157,30308.06244
316,0,0.027,ridge_model_501,30310.17016
317,0,0.068,ridge_model_158,30310.81244
318,0,0.01,ridge_model_292,30311.43133
319,0,0.096,ridge_model_474,30312.75148
320,0,0.069,ridge_model_159,30313.59748
321,0,0.002,ridge_model_876,30314.12077
322,0,0.028,ridge_model_502,30315.46282
323,0,0.011,ridge_model_293,30315.62931
324,0,0.07,ridge_model_160,30316.41692
325,0,0.095,ridge_model_36,30316.57203
326,0,0.097,ridge_model_475,30317.97121
327,0,0.071,ridge_model_161,30319.27012
328,0,0.012,ridge_model_294,30319.83883
329,0,0.029,ridge_model_503,30320.69171
330,0,0.072,ridge_model_162,30322.15647
331,0,0.098,ridge_model_476,30323.19459
332,0,0.013,ridge_model_295,30324.0322
333,0,0.073,ridge_model_163,30325.07534
334,0,0.03,ridge_model_504,30325.86378
335,0,0.074,ridge_model_164,30328.02613
336,0,0.014,ridge_model_296,30328.1937
337,0,0.099,ridge_model_477,30328.42145
338,0,0.036,ridge_model_810,30329.41812
339,0,0.035,ridge_model_809,30329.46895
340,0,0.037,ridge_model_811,30329.50777
341,0,0.034,ridge_model_808,30329.66663
342,0,0.038,ridge_model_812,30329.73199
343,0,0.033,ridge_model_807,30330.01805
344,0,0.039,ridge_model_813,30330.08525
345,0,0.032,ridge_model_806,30330.53068
346,0,0.04,ridge_model_814,30330.56242
347,0,0.031,ridge_model_505,30330.98532
348,0,0.075,ridge_model_165,30331.00823
349,0,0.041,ridge_model_815,30331.15867
350,0,0.031,ridge_model_805,30331.21267
351,0,0.042,ridge_model_816,30331.86949
352,0,0.03,ridge_model_804,30332.07289
353,0,0.015,ridge_model_297,30332.31549
354,0,0.043,ridge_model_817,30332.6906
355,0,0.029,ridge_model_803,30333.12114
356,0,0.044,ridge_model_818,30333.61801
357,0,0.1,ridge_model_478,30333.65165
358,0,0.076,ridge_model_166,30334.02107
359,0,0.028,ridge_model_802,30334.36819
360,0,0.045,ridge_model_819,30334.64792
361,0,0.046,ridge_model_820,30335.77674
362,0,0.027,ridge_model_801,30335.82602
363,0,0.032,ridge_model_506,30336.06204
364,0,0.016,ridge_model_298,30336.39481
365,0,0.047,ridge_model_821,30337.00106
366,0,0.077,ridge_model_167,30337.06406
367,0,0.029,ridge_model_215,30337.07241
368,0,0.028,ridge_model_214,30337.09305
369,0,0.03,ridge_model_216,30337.23646
370,0,0.027,ridge_model_213,30337.31138
371,0,0.026,ridge_model_800,30337.50797
372,0,0.031,ridge_model_217,30337.57361
373,0,0.026,ridge_model_212,30337.74207
374,0,0.032,ridge_model_218,30338.07347
375,0,0.048,ridge_model_822,30338.31766
376,0,0.025,ridge_model_211,30338.40177
377,0,0.033,ridge_model_219,30338.72667
378,0,0.024,ridge_model_210,30339.30945
379,0,0.025,ridge_model_799,30339.42902
380,0,0.034,ridge_model_220,30339.52475
381,0,0.1,ridge_model_37,30339.53344
382,0,0.049,ridge_model_823,30339.72345
383,0,0.078,ridge_model_168,30340.13662
384,0,0.017,ridge_model_299,30340.43219
385,0,0.035,ridge_model_221,30340.46001
386,0,0.023,ridge_model_209,30340.48693
387,0,0.033,ridge_model_507,30341.0991
388,0,0.05,ridge_model_824,30341.21552
389,0,0.036,ridge_model_222,30341.52543
390,0,0.024,ridge_model_798,30341.60608
391,0,0.022,ridge_model_208,30341.95945
392,0,0.037,ridge_model_223,30342.71456
393,0,0.051,ridge_model_825,30342.79108
394,0,0.079,ridge_model_169,30343.2382
395,0,0.021,ridge_model_207,30343.75637
396,0,0.038,ridge_model_224,30344.0215
397,0,0.023,ridge_model_797,30344.05837
398,0,0.018,ridge_model_300,30344.43016
399,0,0.052,ridge_model_826,30344.44745
400,0,0.039,ridge_model_225,30345.44077
401,0,0.02,ridge_model_206,30345.91218
402,0,0.034,ridge_model_508,30346.1012
403,0,0.053,ridge_model_827,30346.1821
404,0,0.08,ridge_model_170,30346.36825
405,0,0.022,ridge_model_796,30346.80787
406,0,0.04,ridge_model_226,30346.96733
407,0,0.054,ridge_model_828,30347.99259
408,0,0.019,ridge_model_301,30348.39247
409,0,0.019,ridge_model_205,30348.46761
410,0,0.041,ridge_model_227,30348.59648
411,0,0.081,ridge_model_171,30349.52621
412,0,0.055,ridge_model_829,30349.87659
413,0,0.021,ridge_model_795,30349.87993
414,0,0.042,ridge_model_228,30350.32384
415,0,0.035,ridge_model_509,30351.07256
416,0,0.018,ridge_model_204,30351.47127
417,0,0.056,ridge_model_830,30351.83187
418,0,0.043,ridge_model_229,30352.14534
419,0,0.02,ridge_model_302,30352.32351
420,0,0.082,ridge_model_172,30352.71156
421,0,0.02,ridge_model_794,30353.30398
422,0,0.057,ridge_model_831,30353.85627
423,0,0.044,ridge_model_230,30354.05715
424,0,0.017,ridge_model_203,30354.98153
425,0,0.083,ridge_model_173,30355.92378
426,0,0.058,ridge_model_832,30355.94775
427,0,0.036,ridge_model_510,30356.01701
428,0,0.045,ridge_model_231,30356.05569
429,0,0.021,ridge_model_303,30356.22795
430,0,0.019,ridge_model_793,30357.11448
431,0,0.059,ridge_model_833,30358.10433
432,0,0.046,ridge_model_232,30358.1376
433,0,0.016,ridge_model_202,30359.06924
434,0,0.084,ridge_model_174,30359.16234
435,0,0.022,ridge_model_304,30360.11047
436,0,0.047,ridge_model_233,30360.2997
437,0,0.06,ridge_model_834,30360.3241
438,0,0.037,ridge_model_511,30360.938
439,0,0.018,ridge_model_792,30361.35212
440,0,0.085,ridge_model_175,30362.42674
441,0,0.048,ridge_model_234,30362.539
442,0,0.061,ridge_model_835,30362.60525
443,0,0.015,ridge_model_201,30363.82113
444,0,0.023,ridge_model_305,30363.97562
445,0,0.049,ridge_model_235,30364.85267
446,0,0.062,ridge_model_836,30364.946
447,0,0.086,ridge_model_176,30365.71649
448,0,0.038,ridge_model_512,30365.83865
449,0,0.017,ridge_model_791,30366.06536
450,0,0.05,ridge_model_236,30367.23802
451,0,0.063,ridge_model_837,30367.34467
452,0,0.024,ridge_model_306,30367.82773
453,0,0.087,ridge_model_177,30369.03109
454,0,0.014,ridge_model_200,30369.34441
455,0,0.051,ridge_model_237,30369.69251
456,0,0.064,ridge_model_838,30369.79963
457,0,0.039,ridge_model_513,30370.72178
458,0,0.016,ridge_model_790,30371.31245
459,0,0.025,ridge_model_307,30371.67084
460,0,0.052,ridge_model_238,30372.21373
461,0,0.065,ridge_model_839,30372.30929
462,0,0.088,ridge_model_178,30372.37006
463,0,0.001,ridge_model_875,30372.60497
464,0,0.053,ridge_model_239,30374.79939
465,0,0.066,ridge_model_840,30374.87214
466,0,0.026,ridge_model_308,30375.5087
467,0,0.04,ridge_model_514,30375.58991
468,0,0.089,ridge_model_179,30375.73294
469,0,0.013,ridge_model_199,30375.7731
470,0,0.015,ridge_model_789,30377.16411
471,0,0.054,ridge_model_240,30377.4473
472,0,0.067,ridge_model_841,30377.48672
473,0,0.09,ridge_model_180,30379.11926
474,0,0.027,ridge_model_309,30379.34469
475,0,0.068,ridge_model_842,30380.15161
476,0,0.055,ridge_model_241,30380.15538
477,0,0.041,ridge_model_515,30380.44534
478,0,0.091,ridge_model_181,30382.52857
479,0,0.069,ridge_model_843,30382.86543
480,0,0.056,ridge_model_242,30382.92162
481,0,0.028,ridge_model_310,30383.18193
482,0,0.012,ridge_model_198,30383.27651
483,0,0.014,ridge_model_788,30383.70701
484,0,0.042,ridge_model_516,30385.29013
485,0,0.07,ridge_model_844,30385.62688
486,0,0.057,ridge_model_243,30385.74415
487,0,0.092,ridge_model_182,30385.96042
488,0,0.029,ridge_model_311,30387.02318
489,0,0.071,ridge_model_845,30388.43468
490,0,0.058,ridge_model_244,30388.62114
491,0,0.093,ridge_model_183,30389.41438
492,0,0.043,ridge_model_517,30390.12612
493,0,0.03,ridge_model_312,30390.87093
494,0,0.013,ridge_model_787,30391.04856
495,0,0.072,ridge_model_846,30391.28758
496,0,0.059,ridge_model_245,30391.55084
497,0,0.011,ridge_model_197,30392.07114
498,0,0.094,ridge_model_184,30392.89001
499,0,0.073,ridge_model_847,30394.18439
500,0,0.06,ridge_model_246,30394.53161
501,0,0.031,ridge_model_313,30394.72739
502,0,0.044,ridge_model_518,30394.95498
503,0,0.095,ridge_model_185,30396.38691
504,0,0.074,ridge_model_848,30397.12396
505,0,0.061,ridge_model_247,30397.56183
506,0,0.032,ridge_model_314,30398.59453
507,0,0.012,ridge_model_786,30399.32335
508,0,0.045,ridge_model_519,30399.7782
509,0,0.096,ridge_model_186,30399.90465
510,0,0.075,ridge_model_849,30400.10516
511,0,0.062,ridge_model_248,30400.63998
512,0,0.01,ridge_model_196,30402.43746
513,0,0.033,ridge_model_315,30402.47405
514,0,0.076,ridge_model_850,30403.12691
515,0,0.097,ridge_model_187,30403.44283
516,0,0.063,ridge_model_249,30403.76458
517,0,0.046,ridge_model_520,30404.59713
518,0,0.077,ridge_model_851,30406.18817
519,0,0.034,ridge_model_316,30406.36747
520,0,0.064,ridge_model_250,30406.93422
521,0,0.098,ridge_model_188,30407.00105
522,0,0.011,ridge_model_785,30408.70199
523,0,0.078,ridge_model_852,30409.2879
524,0,0.047,ridge_model_521,30409.41297
525,0,0.065,ridge_model_251,30410.14755
526,0,0.035,ridge_model_317,30410.27608
527,0,0.099,ridge_model_189,30410.57893
528,0,0.079,ridge_model_853,30412.42513
529,0,0.066,ridge_model_252,30413.40325
530,0,0.1,ridge_model_190,30414.17609
531,0,0.036,ridge_model_318,30414.20101
532,0,0.048,ridge_model_522,30414.2268
533,0,0.009,ridge_model_195,30414.74382
534,0,0.08,ridge_model_854,30415.59889
535,0,0.067,ridge_model_253,30416.70007
536,0,0.037,ridge_model_319,30418.14323
537,0,0.081,ridge_model_855,30418.80826
538,0,0.049,ridge_model_523,30419.03957
539,0,0.01,ridge_model_784,30419.40355
540,0,0.068,ridge_model_254,30420.03679
541,0,0.082,ridge_model_856,30422.05234
542,0,0.038,ridge_model_320,30422.10356
543,0,0.069,ridge_model_255,30423.41225
544,0,0.05,ridge_model_524,30423.85214
545,0,0.083,ridge_model_857,30425.33026
546,0,0.039,ridge_model_321,30426.08266
547,0,0.07,ridge_model_256,30426.82532
548,0,0.084,ridge_model_858,30428.64115
549,0,0.051,ridge_model_525,30428.66529
550,0,0.008,ridge_model_194,30429.48142
551,0,0.04,ridge_model_322,30430.08111
552,0,0.071,ridge_model_257,30430.27491
553,0,0.009,ridge_model_783,30431.71307
554,0,0.085,ridge_model_859,30431.98421
555,0,0.052,ridge_model_526,30433.47967
556,0,0.072,ridge_model_258,30433.75998
557,0,0.041,ridge_model_323,30434.09936
558,0,0.086,ridge_model_860,30435.35862
559,0,0.073,ridge_model_259,30437.27951
560,0,0.042,ridge_model_324,30438.13778
561,0,0.053,ridge_model_527,30438.29591
562,0,0.087,ridge_model_861,30438.76362
563,0,0.074,ridge_model_260,30440.83252
564,0,0.043,ridge_model_325,30442.19662
565,0,0.088,ridge_model_862,30442.19844
566,0,0.054,ridge_model_528,30443.11451
567,0,0.075,ridge_model_261,30444.41808
568,0,0.089,ridge_model_863,30445.66236
569,0,0.008,ridge_model_782,30446.00678
570,0,0.044,ridge_model_326,30446.2761
571,0,0.007,ridge_model_193,30447.31635
572,0,0.055,ridge_model_529,30447.93596
573,0,0.076,ridge_model_262,30448.03526
574,0,0.09,ridge_model_864,30449.15466
575,0,0.045,ridge_model_327,30450.37633
576,0,0.077,ridge_model_263,30451.68318
577,0,0.091,ridge_model_865,30452.67465
578,0,0.056,ridge_model_530,30452.76065
579,0,0.046,ridge_model_328,30454.49738
580,0,0.078,ridge_model_264,30455.36099
581,0,0.092,ridge_model_866,30456.22164
582,0,0.057,ridge_model_531,30457.58895
583,0,0.047,ridge_model_329,30458.63927
584,0,0.079,ridge_model_265,30459.06787
585,0,0.093,ridge_model_867,30459.795
586,0,0.058,ridge_model_532,30462.42116
587,0,0.007,ridge_model_781,30462.78921
588,0,0.048,ridge_model_330,30462.80194
589,0,0.08,ridge_model_266,30462.803
590,0,0.094,ridge_model_868,30463.39407
591,0,0.081,ridge_model_267,30466.56563
592,0,0.049,ridge_model_331,30466.98534
593,0,0.095,ridge_model_869,30467.01824
594,0,0.059,ridge_model_533,30467.25755
595,0,0.006,ridge_model_192,30469.16877
596,0,0.082,ridge_model_268,30470.35499
597,0,0.096,ridge_model_870,30470.66691
598,0,0.05,ridge_model_332,30471.18932
599,0,0.06,ridge_model_534,30472.09834
600,0,0.083,ridge_model_269,30474.17036
601,0,0.097,ridge_model_871,30474.33948
602,0,0.051,ridge_model_333,30475.41375
603,0,0.061,ridge_model_535,30476.94371
604,0,0.084,ridge_model_270,30478.01103
605,0,0.098,ridge_model_872,30478.03538
606,0,0.052,ridge_model_334,30479.65844
607,0,0.099,ridge_model_873,30481.75406
608,0,0.062,ridge_model_536,30481.79384
609,0,0.085,ridge_model_271,30481.87632
610,0,0.006,ridge_model_780,30482.74843
611,0,0.053,ridge_model_335,30483.92319
612,0,0.1,ridge_model_874,30485.49497
613,0,0.086,ridge_model_272,30485.76557
614,0,0.063,ridge_model_537,30486.64884
615,0,0.054,ridge_model_336,30488.20776
616,0,0.087,ridge_model_273,30489.67814
617,0,0.064,ridge_model_538,30491.50883
618,0,0.055,ridge_model_337,30492.5119
619,0,0.088,ridge_model_274,30493.6134
620,0,0.005,ridge_model_191,30496.33648
621,0,0.065,ridge_model_539,30496.37387
622,0,0.056,ridge_model_338,30496.83536
623,0,0.089,ridge_model_275,30497.57075
624,0,0.057,ridge_model_339,30501.17785
625,0,0.066,ridge_model_540,30501.24402
626,0,0.09,ridge_model_276,30501.54959
627,0,0.058,ridge_model_340,30505.53908
628,0,0.091,ridge_model_277,30505.54936
629,0,0.067,ridge_model_541,30506.11932
630,0,0.005,ridge_model_779,30506.84084
631,0,0.092,ridge_model_278,30509.56951
632,0,0.059,ridge_model_341,30509.91875
633,0,0.068,ridge_model_542,30510.9998
634,0,0.093,ridge_model_279,30513.60949
635,0,0.06,ridge_model_342,30514.31655
636,0,0.069,ridge_model_543,30515.88545
637,0,0.094,ridge_model_280,30517.66879
638,0,0.061,ridge_model_343,30518.73215
639,0,0.07,ridge_model_544,30520.77626
640,0,0.095,ridge_model_281,30521.74689
641,0,0.025,ridge_model_79,30522.6751
642,0,0.062,ridge_model_344,30523.16525
643,0,0.03,ridge_model_80,30524.35828
644,0,0.071,ridge_model_545,30525.67221
645,0,0.096,ridge_model_282,30525.84331
646,0,0.02,ridge_model_78,30527.28913
647,0,0.063,ridge_model_345,30527.6155
648,0,0.03,ridge_model_42,30529.80427
649,0,0.097,ridge_model_283,30529.95756
650,0,0.035,ridge_model_81,30530.20764
651,0,0.072,ridge_model_546,30530.57327
652,0,0.035,ridge_model_43,30531.85303
653,0,0.064,ridge_model_346,30532.08258
654,0,0.025,ridge_model_41,30532.20962
655,0,0.098,ridge_model_284,30534.08917
656,0,0.073,ridge_model_547,30535.47939
657,0,0.004,ridge_model_778,30536.42393
658,0,0.065,ridge_model_347,30536.56616
659,0,0.04,ridge_model_44,30537.25016
660,0,0.099,ridge_model_285,30538.2377
661,0,0.04,ridge_model_82,30539.10533
662,0,0.074,ridge_model_548,30540.39052
663,0,0.02,ridge_model_40,30541.01421
664,0,0.066,ridge_model_348,30541.0659
665,0,0.1,ridge_model_286,30542.40269
666,0,0.015,ridge_model_77,30543.00055
667,0,0.045,ridge_model_45,30545.28844
668,0,0.075,ridge_model_549,30545.30658
669,0,0.067,ridge_model_349,30545.58147
670,0,0.068,ridge_model_350,30550.11254
671,0,0.076,ridge_model_550,30550.22753
672,0,0.045,ridge_model_83,30550.37898
673,0,0.069,ridge_model_351,30554.65877
674,0,0.077,ridge_model_551,30555.15326
675,0,0.05,ridge_model_46,30555.47496
676,0,0.07,ridge_model_352,30559.21983
677,0,0.078,ridge_model_552,30560.08372
678,0,0.015,ridge_model_39,30560.21681
679,0,0.05,ridge_model_84,30563.57861
680,0,0.071,ridge_model_353,30563.79538
681,0,0.079,ridge_model_553,30565.0188
682,0,0.055,ridge_model_47,30567.44465
683,0,0.072,ridge_model_354,30568.38511
684,0,0.08,ridge_model_554,30569.95842
685,0,0.073,ridge_model_355,30572.98869
686,0,0.003,ridge_model_777,30573.47073
687,0,0.081,ridge_model_555,30574.90248
688,0,0.04,ridge_model_714,30576.99344
689,0,0.039,ridge_model_713,30577.03131
690,0,0.041,ridge_model_715,30577.09985
691,0,0.038,ridge_model_712,30577.21992
692,0,0.042,ridge_model_716,30577.34449
693,0,0.037,ridge_model_711,30577.56619
694,0,0.074,ridge_model_356,30577.6058
695,0,0.043,ridge_model_717,30577.72171
696,0,0.036,ridge_model_710,30578.07759
697,0,0.044,ridge_model_718,30578.22618
698,0,0.055,ridge_model_85,30578.37842
699,0,0.035,ridge_model_709,30578.76212
700,0,0.045,ridge_model_719,30578.85292
701,0,0.046,ridge_model_720,30579.5972
702,0,0.034,ridge_model_708,30579.62845
703,0,0.082,ridge_model_556,30579.85088
704,0,0.047,ridge_model_721,30580.45461
705,0,0.033,ridge_model_707,30580.68595
706,0,0.06,ridge_model_48,30580.91533
707,0,0.048,ridge_model_722,30581.42093
708,0,0.032,ridge_model_706,30581.94482
709,0,0.075,ridge_model_357,30582.23612
710,0,0.049,ridge_model_723,30582.4922
711,0,0.01,ridge_model_76,30583.05181
712,0,0.031,ridge_model_705,30583.41616
713,0,0.05,ridge_model_724,30583.66466
714,0,0.083,ridge_model_557,30584.80353
715,0,0.051,ridge_model_725,30584.93474
716,0,0.03,ridge_model_704,30585.11213
717,0,0.052,ridge_model_726,30586.29905
718,0,0.076,ridge_model_358,30586.87932
719,0,0.029,ridge_model_703,30587.04603
720,0,0.053,ridge_model_727,30587.75436
721,0,0.028,ridge_model_702,30589.23258
722,0,0.054,ridge_model_728,30589.29761
723,0,0.084,ridge_model_558,30589.76031
724,0,0.055,ridge_model_729,30590.92587
725,0,0.077,ridge_model_359,30591.53512
726,0,0.027,ridge_model_701,30591.68801
727,0,0.056,ridge_model_730,30592.63635
728,0,0.057,ridge_model_731,30594.4264
729,0,0.026,ridge_model_700,30594.43039
730,0,0.06,ridge_model_86,30594.5291
731,0,0.085,ridge_model_559,30594.72112
732,0,0.065,ridge_model_49,30595.66218
733,0,0.078,ridge_model_360,30596.20319
734,0,0.058,ridge_model_732,30596.29346
735,0,0.025,ridge_model_699,30597.4799
736,0,0.059,ridge_model_733,30598.2351
737,0,0.086,ridge_model_560,30599.68586
738,0,0.01,ridge_model_38,30599.86126
739,0,0.06,ridge_model_734,30600.24899
740,0,0.024,ridge_model_698,30600.85917
741,0,0.079,ridge_model_361,30600.88323
742,0,0.061,ridge_model_735,30602.33291
743,0,0.062,ridge_model_736,30604.4847
744,0,0.023,ridge_model_697,30604.59377
745,0,0.087,ridge_model_561,30604.65442
746,0,0.08,ridge_model_362,30605.57495
747,0,0.063,ridge_model_737,30606.70232
748,0,0.022,ridge_model_696,30608.71269
749,0,0.064,ridge_model_738,30608.98381
750,0,0.088,ridge_model_562,30609.62668
751,0,0.081,ridge_model_363,30610.27805
752,0,0.065,ridge_model_739,30611.32725
753,0,0.07,ridge_model_50,30611.5021
754,0,0.065,ridge_model_87,30611.83234
755,0,0.021,ridge_model_695,30613.24906
756,0,0.066,ridge_model_740,30613.73085
757,0,0.089,ridge_model_563,30614.60254
758,0,0.082,ridge_model_364,30614.99224
759,0,0.067,ridge_model_741,30616.19285
760,0,0.02,ridge_model_694,30618.24098
761,0,0.068,ridge_model_742,30618.71156
762,0,0.09,ridge_model_564,30619.58188
763,0,0.083,ridge_model_365,30619.71724
764,0,0.002,ridge_model_776,30620.92758
765,0,0.069,ridge_model_743,30621.28537
766,0,0.019,ridge_model_693,30623.73254
767,0,0.07,ridge_model_744,30623.91271
768,0,0.084,ridge_model_366,30624.45277
769,0,0.091,ridge_model_565,30624.5646
770,0,0.071,ridge_model_745,30626.59209
771,0,0.075,ridge_model_51,30628.28358
772,0,0.085,ridge_model_367,30629.19856
773,0,0.072,ridge_model_746,30629.32205
774,0,0.092,ridge_model_566,30629.55059
775,0,0.018,ridge_model_692,30629.77515
776,0,0.07,ridge_model_88,30630.12616
777,0,0.073,ridge_model_747,30632.10119
778,0,0.086,ridge_model_368,30633.95432
779,0,0.093,ridge_model_567,30634.53972
780,0,0.074,ridge_model_748,30634.92816
781,0,0.017,ridge_model_691,30636.4293
782,0,0.075,ridge_model_749,30637.80167
783,0,0.087,ridge_model_369,30638.71981
784,0,0.094,ridge_model_568,30639.5319
785,0,0.076,ridge_model_750,30640.72044
786,0,0.088,ridge_model_370,30643.49475
787,0,0.077,ridge_model_751,30643.68327
788,0,0.016,ridge_model_690,30643.76668
789,0,0.095,ridge_model_569,30644.52702
790,0,0.02,ridge_model_2,30644.72237
791,0,0.08,ridge_model_52,30645.87959
792,0,0.025,ridge_model_3,30646.64281
793,0,0.078,ridge_model_752,30646.68898
794,0,0.015,ridge_model_1,30646.88152
795,0,0.089,ridge_model_371,30648.27888
796,0,0.075,ridge_model_89,30649.27575
797,0,0.096,ridge_model_570,30649.52495
798,0,0.079,ridge_model_753,30649.73643
799,0,0.03,ridge_model_4,30651.28631
800,0,0.015,ridge_model_689,30651.87306
801,0,0.08,ridge_model_754,30652.82452
802,0,0.09,ridge_model_372,30653.07197
803,0,0.097,ridge_model_571,30654.5256
804,0,0.081,ridge_model_755,30655.95218
805,0,0.01,ridge_model_0,30657.36073
806,0,0.091,ridge_model_373,30657.87375
807,0,0.035,ridge_model_5,30658.0718
808,0,0.082,ridge_model_756,30659.1184
809,0,0.098,ridge_model_572,30659.52885
810,0,0.014,ridge_model_688,30660.8521
811,0,0.083,ridge_model_757,30662.32216
812,0,0.092,ridge_model_374,30662.68399
813,0,0.085,ridge_model_53,30664.18263
814,0,0.099,ridge_model_573,30664.53461
815,0,0.084,ridge_model_758,30665.5625
816,0,0.04,ridge_model_6,30666.6654
817,0,0.093,ridge_model_375,30667.50246
818,0,0.085,ridge_model_759,30668.83849
819,0,0.08,ridge_model_90,30669.16734
820,0,0.1,ridge_model_574,30669.54275
821,0,0.013,ridge_model_687,30670.83029
822,0,0.086,ridge_model_760,30672.14922
823,0,0.094,ridge_model_376,30672.3289
824,0,0.087,ridge_model_761,30675.4938
825,0,0.045,ridge_model_7,30676.82821
826,0,0.095,ridge_model_377,30677.16311
827,0,0.088,ridge_model_762,30678.87138
828,0,0.012,ridge_model_686,30681.9638
829,0,0.096,ridge_model_378,30682.00485
830,0,0.089,ridge_model_763,30682.28114
831,0,0.09,ridge_model_54,30683.101
832,0,0.001,ridge_model_775,30683.33444
833,0,0.09,ridge_model_764,30685.72227
834,0,0.097,ridge_model_379,30686.85391
835,0,0.05,ridge_model_8,30688.36757
836,0,0.091,ridge_model_765,30689.194
837,0,0.085,ridge_model_91,30689.70396
838,0,0.098,ridge_model_380,30691.71006
839,0,0.092,ridge_model_766,30692.69555
840,0,0.011,ridge_model_685,30694.44771
841,0,0.093,ridge_model_767,30696.22621
842,0,0.099,ridge_model_381,30696.57311
843,0,0.094,ridge_model_768,30699.78524
844,0,0.055,ridge_model_9,30701.11959
845,0,0.1,ridge_model_382,30701.44283
846,0,0.095,ridge_model_55,30702.55591
847,0,0.095,ridge_model_769,30703.37197
848,0,0.096,ridge_model_770,30706.98571
849,0,0.01,ridge_model_684,30708.52889
850,0,0.097,ridge_model_771,30710.62581
851,0,0.09,ridge_model_92,30710.8023
852,0,0.098,ridge_model_772,30714.29163
853,0,0.06,ridge_model_10,30714.94188
854,0,0.099,ridge_model_773,30717.98256
855,0,0.1,ridge_model_774,30721.69798
856,0,0.1,ridge_model_56,30722.47933
857,0,0.009,ridge_model_683,30724.5242
858,0,0.065,ridge_model_11,30729.70978
859,0,0.095,ridge_model_93,30732.39032
860,0,0.008,ridge_model_682,30742.84661
861,0,0.07,ridge_model_12,30745.31383
862,0,0.1,ridge_model_94,30754.40541
863,0,0.075,ridge_model_13,30761.65777
864,0,0.007,ridge_model_681,30764.04359
865,0,0.08,ridge_model_14,30778.65692
866,0,0.006,ridge_model_680,30788.85479
867,0,0.085,ridge_model_15,30796.23669
868,0,0.09,ridge_model_16,30814.33129
869,0,0.005,ridge_model_679,30818.30112
870,0,0.095,ridge_model_17,30832.88266
871,0,0.1,ridge_model_18,30851.83946
872,0,0.004,ridge_model_678,30853.82666
873,0,0.003,ridge_model_677,30897.53418
874,0,0.002,ridge_model_676,30952.59543
875,0,0.001,ridge_model_675,31024.01672
876,0,0.044,ridge_model_618,31059.35382
877,0,0.043,ridge_model_617,31059.42748
878,0,0.045,ridge_model_619,31059.43345
879,0,0.046,ridge_model_620,31059.65956
880,0,0.042,ridge_model_616,31059.66167
881,0,0.047,ridge_model_621,31060.02578
882,0,0.041,ridge_model_615,31060.06419
883,0,0.048,ridge_model_622,31060.52612
884,0,0.04,ridge_model_614,31060.64336
885,0,0.049,ridge_model_623,31061.15495
886,0,0.039,ridge_model_613,31061.40813
887,0,0.05,ridge_model_624,31061.90699
888,0,0.038,ridge_model_612,31062.36815
889,0,0.051,ridge_model_625,31062.77723
890,0,0.037,ridge_model_611,31063.53379
891,0,0.052,ridge_model_626,31063.76097
892,0,0.053,ridge_model_627,31064.85374
893,0,0.036,ridge_model_610,31064.91629
894,0,0.054,ridge_model_628,31066.05134
895,0,0.035,ridge_model_609,31066.5278
896,0,0.055,ridge_model_629,31067.34977
897,0,0.034,ridge_model_608,31068.38154
898,0,0.056,ridge_model_630,31068.74524
899,0,0.057,ridge_model_631,31070.23416
900,0,0.033,ridge_model_607,31070.49188
901,0,0.058,ridge_model_632,31071.81312
902,0,0.032,ridge_model_606,31072.8745
903,0,0.059,ridge_model_633,31073.47888
904,0,0.06,ridge_model_634,31075.22835
905,0,0.031,ridge_model_605,31075.54659
906,0,0.061,ridge_model_635,31077.05858
907,0,0.03,ridge_model_604,31078.52701
908,0,0.062,ridge_model_636,31078.96677
909,0,0.063,ridge_model_637,31080.95024
910,0,0.029,ridge_model_603,31081.83651
911,0,0.064,ridge_model_638,31083.00645
912,0,0.065,ridge_model_639,31085.13294
913,0,0.028,ridge_model_602,31085.49807
914,0,0.066,ridge_model_640,31087.32739
915,0,0.027,ridge_model_601,31089.53715
916,0,0.067,ridge_model_641,31089.58757
917,0,0.068,ridge_model_642,31091.91133
918,0,0.026,ridge_model_600,31093.98211
919,0,0.069,ridge_model_643,31094.29663
920,0,0.07,ridge_model_644,31096.7415
921,0,0.025,ridge_model_599,31098.86464
922,0,0.071,ridge_model_645,31099.24407
923,0,0.072,ridge_model_646,31101.80253
924,0,0.024,ridge_model_598,31104.22033
925,0,0.073,ridge_model_647,31104.41514
926,0,0.074,ridge_model_648,31107.08023
927,0,0.075,ridge_model_649,31109.79622
928,0,0.023,ridge_model_597,31110.08934
929,0,0.076,ridge_model_650,31112.56155
930,0,0.077,ridge_model_651,31115.37474
931,0,0.022,ridge_model_596,31116.51717
932,0,0.078,ridge_model_652,31118.23438
933,0,0.079,ridge_model_653,31121.13907
934,0,0.021,ridge_model_595,31123.55567
935,0,0.08,ridge_model_654,31124.08752
936,0,0.081,ridge_model_655,31127.07843
937,0,0.082,ridge_model_656,31130.11058
938,0,0.02,ridge_model_594,31131.26425
939,0,0.083,ridge_model_657,31133.18278
940,0,0.084,ridge_model_658,31136.2939
941,0,0.085,ridge_model_659,31139.44282
942,0,0.019,ridge_model_593,31139.71137
943,0,0.086,ridge_model_660,31142.62848
944,0,0.087,ridge_model_661,31145.84984
945,0,0.018,ridge_model_592,31148.97645
946,0,0.088,ridge_model_662,31149.10593
947,0,0.089,ridge_model_663,31152.39577
948,0,0.09,ridge_model_664,31155.71843
949,0,0.091,ridge_model_665,31159.07301
950,0,0.017,ridge_model_591,31159.15222
951,0,0.092,ridge_model_666,31162.45864
952,0,0.093,ridge_model_667,31165.87449
953,0,0.094,ridge_model_668,31169.31973
954,0,0.016,ridge_model_590,31170.34772
955,0,0.095,ridge_model_669,31172.79358
956,0,0.096,ridge_model_670,31176.29526
957,0,0.097,ridge_model_671,31179.82405
958,0,0.015,ridge_model_589,31182.69224
959,0,0.098,ridge_model_672,31183.37921
960,0,0.099,ridge_model_673,31186.96006
961,0,0.1,ridge_model_674,31190.56592
962,0,0.014,ridge_model_588,31196.34031
963,0,0.013,ridge_model_587,31211.47829
964,0,0.062,ridge_model_1036,31215.63257
965,0,0.063,ridge_model_1037,31215.63745
966,0,0.061,ridge_model_1035,31215.72043
967,0,0.064,ridge_model_1038,31215.73242
968,0,0.06,ridge_model_1034,31215.90379
969,0,0.065,ridge_model_1039,31215.91494
970,0,0.066,ridge_model_1040,31216.18258
971,0,0.059,ridge_model_1033,31216.1855
972,0,0.067,ridge_model_1041,31216.53297
973,0,0.058,ridge_model_1032,31216.56855
974,0,0.068,ridge_model_1042,31216.96385
975,0,0.057,ridge_model_1031,31217.05607
976,0,0.069,ridge_model_1043,31217.47304
977,0,0.056,ridge_model_1030,31217.65129
978,0,0.07,ridge_model_1044,31218.05843
979,0,0.055,ridge_model_1029,31218.35761
980,0,0.071,ridge_model_1045,31218.718
981,0,0.054,ridge_model_1028,31219.17859
982,0,0.072,ridge_model_1046,31219.44978
983,0,0.053,ridge_model_1027,31220.11793
984,0,0.073,ridge_model_1047,31220.25189
985,0,0.074,ridge_model_1048,31221.12249
986,0,0.052,ridge_model_1026,31221.17952
987,0,0.075,ridge_model_1049,31222.05984
988,0,0.051,ridge_model_1025,31222.36743
989,0,0.076,ridge_model_1050,31223.06222
990,0,0.05,ridge_model_1024,31223.68594
991,0,0.077,ridge_model_1051,31224.12798
992,0,0.049,ridge_model_1023,31225.13953
993,0,0.078,ridge_model_1052,31225.25553
994,0,0.079,ridge_model_1053,31226.44334
995,0,0.048,ridge_model_1022,31226.73291
996,0,0.08,ridge_model_1054,31227.6899
997,0,0.012,ridge_model_586,31228.33316
998,0,0.047,ridge_model_1021,31228.47107
999,0,0.081,ridge_model_1055,31228.99378
1000,0,0.082,ridge_model_1056,31230.35357
1001,0,0.046,ridge_model_1020,31230.35921
1002,0,0.083,ridge_model_1057,31231.76792
1003,0,0.045,ridge_model_1019,31232.40286
1004,0,0.084,ridge_model_1058,31233.23552
1005,0,0.044,ridge_model_1018,31234.60785
1006,0,0.085,ridge_model_1059,31234.75509
1007,0,0.086,ridge_model_1060,31236.32539
1008,0,0.043,ridge_model_1017,31236.98035
1009,0,0.087,ridge_model_1061,31237.94524
1010,0,0.042,ridge_model_1016,31239.52689
1011,0,0.088,ridge_model_1062,31239.61346
1012,0,0.089,ridge_model_1063,31241.32893
1013,0,0.041,ridge_model_1015,31242.2544
1014,0,0.09,ridge_model_1064,31243.09055
1015,0,0.091,ridge_model_1065,31244.89727
1016,0,0.04,ridge_model_1014,31245.17027
1017,0,0.092,ridge_model_1066,31246.74804
1018,0,0.011,ridge_model_585,31247.1843
1019,0,0.039,ridge_model_1013,31248.28234
1020,0,0.093,ridge_model_1067,31248.64187
1021,0,0.094,ridge_model_1068,31250.57778
1022,0,0.038,ridge_model_1012,31251.59898
1023,0,0.095,ridge_model_1069,31252.55482
1024,0,0.096,ridge_model_1070,31254.57207
1025,0,0.037,ridge_model_1011,31255.12918
1026,0,0.097,ridge_model_1071,31256.62865
1027,0,0.098,ridge_model_1072,31258.72366
1028,0,0.036,ridge_model_1010,31258.88252
1029,0,0.099,ridge_model_1073,31260.85628
1030,0,0.035,ridge_model_1009,31262.86934
1031,0,0.1,ridge_model_1074,31263.02567
1032,0,0.034,ridge_model_1008,31267.10074
1033,0,0.01,ridge_model_584,31268.37951
1034,0,0.033,ridge_model_1007,31271.58872
1035,0,0.032,ridge_model_1006,31276.3463
1036,0,0.031,ridge_model_1005,31281.3876
1037,0,0.03,ridge_model_1004,31286.72801
1038,0,0.009,ridge_model_583,31292.35729
1039,0,0.029,ridge_model_1003,31292.38439
1040,0,0.028,ridge_model_1002,31298.37523
1041,0,0.027,ridge_model_1001,31304.72094
1042,0,0.026,ridge_model_1000,31311.4441
1043,0,0.025,ridge_model_999,31318.56985
1044,0,0.008,ridge_model_582,31319.67806
1045,0,0.024,ridge_model_998,31326.12629
1046,0,0.023,ridge_model_997,31334.145
1047,0,0.022,ridge_model_996,31342.6617
1048,0,0.007,ridge_model_581,31351.06901
1049,0,0.021,ridge_model_995,31351.717
1050,0,0.02,ridge_model_994,31361.35739
1051,0,0.019,ridge_model_993,31371.63644
1052,0,0.018,ridge_model_992,31382.61635
1053,0,0.006,ridge_model_580,31387.48971
1054,0,0.017,ridge_model_991,31394.36993
1055,0,0.016,ridge_model_990,31406.98306
1056,0,0.015,ridge_model_989,31420.55801
1057,0,0.005,ridge_model_579,31430.23034
1058,0,0.014,ridge_model_988,31435.21768
1059,0,0.013,ridge_model_987,31451.1113
1060,0,0.012,ridge_model_986,31468.42208
1061,0,0.004,ridge_model_578,31481.06258
1062,0,0.011,ridge_model_985,31487.37752
1063,0,0.01,ridge_model_984,31508.26378
1064,0,0.009,ridge_model_983,31531.44571
1065,0,0.003,ridge_model_577,31542.47855
1066,0,0.008,ridge_model_982,31557.39542
1067,0,0.007,ridge_model_981,31586.73381
1068,0,0.002,ridge_model_576,31618.08201
1069,0,0.006,ridge_model_980,31620.2921
1070,0,0.005,ridge_model_979,31659.20524
1071,0,0.004,ridge_model_978,31705.05743
1072,0,0.001,ridge_model_575,31713.25514
1073,0,0.003,ridge_model_977,31760.11571
1074,0,0.002,ridge_model_976,31827.71813
1075,0,0.001,ridge_model_975,31912.94488
